Sample;Panadol Extra tablets (500 mg PAR / 65 mg CAF)
Solvent;Methanol
Dilution;nominal 15,38 ug/mL PAR + 2,0 ug/mL CAF
Instrument;double-beam UV-Vis, 1 cm quartz

Wavelength;Tablet 1;Tablet 2;Tablet 3
200,0;1,4481;1,4659;1,4715
201,0;1,4797;1,4954;1,4842
202,0;1,4917;1,4995;1,4951
203,0;1,4607;1,4893;1,4757
204,0;1,4488;1,4518;1,4476
205,0;1,3961;1,4127;1,4010
206,0;1,3326;1,3321;1,3314
207,0;1,2570;1,2686;1,2528
208,0;1,1782;1,1854;1,1777
209,0;1,0788;1,1019;1,0930
210,0;0,9984;1,0098;0,9949
211,0;0,8987;0,9191;0,9014
212,0;0,8217;0,8290;0,8196
213,0;0,7352;0,7459;0,7387
214,0;0,6675;0,6773;0,6664
215,0;0,5997;0,6080;0,6017
216,0;0,5482;0,5519;0,5520
217,0;0,5077;0,5103;0,5105
218,0;0,4777;0,4805;0,4742
219,0;0,4562;0,4557;0,4530
220,0;0,4413;0,4416;0,4427
221,0;0,4392;0,4389;0,4414
222,0;0,4479;0,4476;0,4483
223,0;0,4624;0,4624;0,4616
224,0;0,4809;0,4824;0,4839
225,0;0,5091;0,5072;0,5091
226,0;0,5362;0,5382;0,5374
227,0;0,5702;0,5724;0,5743
228,0;0,6075;0,6103;0,6129
229,0;0,6477;0,6438;0,6546
230,0;0,6852;0,6855;0,6885
231,0;0,7318;0,7273;0,7305
232,0;0,7689;0,7693;0,7706
233,0;0,8040;0,8049;0,8109
234,0;0,8430;0,8428;0,8476
235,0;0,8800;0,8773;0,8790
236,0;0,9075;0,9146;0,9159
237,0;0,9394;0,9427;0,9441
238,0;0,9669;0,9670;0,9688
239,0;0,9866;0,9881;0,9878
240,0;0,9993;1,0078;1,0070
241,0;1,0128;1,0215;1,0212
242,0;1,0216;1,0231;1,0258
243,0;1,0197;1,0315;1,0275
244,0;1,0246;1,0295;1,0302
245,0;1,0195;1,0242;1,0187
246,0;1,0068;1,0145;1,0122
247,0;0,9879;0,9926;0,9949
248,0;0,9693;0,9752;0,9709
249,0;0,9426;0,9521;0,9455
250,0;0,9169;0,9252;0,9187
251,0;0,8834;0,8917;0,8896
252,0;0,8502;0,8612;0,8521
253,0;0,8134;0,8224;0,8214
254,0;0,7742;0,7854;0,7811
255,0;0,7381;0,7470;0,7368
256,0;0,7007;0,7023;0,7018
257,0;0,6601;0,6651;0,6630
258,0;0,6224;0,6256;0,6240
259,0;0,5849;0,5883;0,5822
260,0;0,5440;0,5488;0,5451
261,0;0,5086;0,5153;0,5123
262,0;0,4762;0,4808;0,4766
263,0;0,4416;0,4456;0,4422
264,0;0,4136;0,4158;0,4120
265,0;0,3830;0,3887;0,3858
266,0;0,3585;0,3612;0,3569
267,0;0,3336;0,3376;0,3348
268,0;0,3113;0,3141;0,3124
269,0;0,2940;0,2963;0,2924
270,0;0,2755;0,2767;0,2747
271,0;0,2609;0,2612;0,2589
272,0;0,2443;0,2486;0,2442
273,0;0,2333;0,2338;0,2324
274,0;0,2219;0,2223;0,2175
275,0;0,2122;0,2096;0,2095
276,0;0,2009;0,2033;0,2008
277,0;0,1917;0,1924;0,1919
278,0;0,1834;0,1847;0,1832
279,0;0,1785;0,1770;0,1773
280,0;0,1704;0,1690;0,1696
281,0;0,1631;0,1627;0,1618
282,0;0,1568;0,1533;0,1541
283,0;0,1487;0,1478;0,1484
284,0;0,1402;0,1404;0,1397
285,0;0,1340;0,1327;0,1312
286,0;0,1266;0,1255;0,1250
287,0;0,1187;0,1176;0,1176
288,0;0,1117;0,1092;0,1084
289,0;0,1024;0,1003;0,1011
290,0;0,0965;0,0927;0,0930
291,0;0,0877;0,0848;0,0851
292,0;0,0794;0,0781;0,0781
293,0;0,0713;0,0710;0,0703
294,0;0,0641;0,0625;0,0631
295,0;0,0572;0,0559;0,0555
296,0;0,0507;0,0492;0,0498
297,0;0,0450;0,0432;0,0431
298,0;0,0390;0,0367;0,0376
299,0;0,0341;0,0310;0,0319
300,0;0,0287;0,0271;0,0272
301,0;0,0249;0,0214;0,0226
302,0;0,0209;0,0183;0,0190
303,0;0,0172;0,0141;0,0152
304,0;0,0150;0,0126;0,0127
305,0;0,0121;0,0095;0,0109
306,0;0,0097;0,0072;0,0082
307,0;0,0085;0,0058;0,0070
308,0;0,0076;0,0041;0,0052
309,0;0,0061;0,0030;0,0040
310,0;0,0044;0,0015;0,0031
311,0;0,0036;0,0015;0,0022
312,0;0,0027;0,0001;0,0018
313,0;0,0021;-0,0007;0,0014
314,0;0,0021;-0,0006;0,0003
315,0;0,0025;-0,0008;0,0008
316,0;0,0015;-0,0008;-0,0000
317,0;0,0017;-0,0010;-0,0004
318,0;0,0019;-0,0006;-0,0007
319,0;0,0016;-0,0017;-0,0005
320,0;0,0012;-0,0011;-0,0010
321,0;0,0008;-0,0012;-0,0006
322,0;0,0011;-0,0010;-0,0012
323,0;0,0013;-0,0011;-0,0004
324,0;0,0012;-0,0021;-0,0007
325,0;0,0014;-0,0020;-0,0004
326,0;0,0015;-0,0014;-0,0005
327,0;0,0017;-0,0009;-0,0005
328,0;0,0017;-0,0007;-0,0004
329,0;0,0009;-0,0016;-0,0007
330,0;0,0018;-0,0016;-0,0007
331,0;0,0001;-0,0015;-0,0011
332,0;0,0020;-0,0011;-0,0001
333,0;0,0007;-0,0010;-0,0003
334,0;0,0011;-0,0011;-0,0008
335,0;0,0009;-0,0010;-0,0010
336,0;0,0015;-0,0011;-0,0004
337,0;0,0005;-0,0015;-0,0004
338,0;0,0013;-0,0015;0,0000
339,0;0,0011;-0,0011;-0,0010
340,0;0,0011;-0,0012;-0,0007
341,0;0,0014;-0,0015;-0,0002
342,0;0,0019;-0,0009;-0,0009
343,0;0,0013;-0,0011;-0,0012
344,0;0,0007;-0,0020;-0,0011
345,0;0,0017;-0,0008;-0,0009
346,0;0,0010;-0,0010;-0,0009
347,0;0,0013;-0,0015;-0,0000
348,0;0,0012;-0,0007;-0,0007
349,0;0,0019;-0,0018;-0,0002
350,0;0,0013;-0,0013;-0,0006
351,0;0,0017;-0,0009;-0,0002
352,0;0,0011;-0,0014;0,0003
353,0;0,0015;-0,0016;-0,0012
354,0;0,0014;-0,0008;-0,0011
355,0;0,0016;-0,0014;0,0001
356,0;0,0014;-0,0016;-0,0001
357,0;0,0011;-0,0017;-0,0002
358,0;0,0018;-0,0008;-0,0010
359,0;0,0015;-0,0014;-0,0009
360,0;0,0013;-0,0017;-0,0014
361,0;0,0017;-0,0016;-0,0002
362,0;0,0009;-0,0017;-0,0001
363,0;0,0015;-0,0017;-0,0002
364,0;0,0015;-0,0016;-0,0011
365,0;0,0015;-0,0019;-0,0001
366,0;0,0017;-0,0023;-0,0004
367,0;0,0010;-0,0017;-0,0010
368,0;0,0013;-0,0004;-0,0001
369,0;0,0011;-0,0008;-0,0008
370,0;0,0016;-0,0020;-0,0011
371,0;0,0010;-0,0007;-0,0005
372,0;0,0009;-0,0008;-0,0004
373,0;0,0013;-0,0013;-0,0005
374,0;0,0007;-0,0009;-0,0000
375,0;0,0015;-0,0009;0,0006
376,0;0,0012;-0,0012;-0,0003
377,0;0,0014;-0,0007;-0,0007
378,0;0,0013;-0,0007;-0,0004
379,0;0,0008;-0,0010;-0,0011
380,0;0,0001;-0,0008;-0,0001
381,0;0,0017;-0,0019;-0,0005
382,0;0,0010;-0,0010;-0,0003
383,0;0,0009;-0,0008;-0,0001
384,0;0,0008;-0,0005;-0,0011
385,0;0,0013;-0,0004;-0,0011
386,0;0,0012;-0,0012;-0,0002
387,0;0,0014;-0,0008;-0,0008
388,0;0,0018;-0,0013;0,0000
389,0;0,0012;-0,0015;-0,0006
390,0;0,0012;0,0001;-0,0001
391,0;0,0015;-0,0008;0,0001
392,0;0,0015;-0,0008;-0,0015
393,0;0,0008;-0,0008;-0,0007
394,0;0,0012;-0,0009;-0,0010
395,0;0,0011;-0,0005;-0,0001
396,0;0,0017;-0,0005;-0,0009
397,0;0,0017;-0,0011;-0,0007
398,0;0,0010;-0,0006;-0,0009
399,0;0,0006;-0,0013;-0,0007
400,0;0,0020;-0,0004;-0,0004
