Wavelength (nm),ASA 4,ASA 8,ASA 12,ASA 16,ASA 20
200,0.3521,0.7020,1.0585,1.3923,1.7404
201,0.3644,0.7136,1.0813,1.4464,1.8041
202,0.3647,0.7207,1.0869,1.4584,1.8319
203,0.3610,0.7238,1.0857,1.4495,1.8131
204,0.3505,0.7044,1.0629,1.4067,1.7792
205,0.3395,0.6735,1.0186,1.3474,1.7121
206,0.3198,0.6428,0.9515,1.2748,1.5751
207,0.2952,0.5889,0.8889,1.1718,1.4700
208,0.2685,0.5342,0.8046,1.0836,1.3377
209,0.2382,0.4853,0.7304,0.9717,1.2137
210,0.2161,0.4333,0.6522,0.8744,1.0842
211,0.1926,0.3872,0.5845,0.7718,0.9622
212,0.1720,0.3481,0.5238,0.6951,0.8702
213,0.1570,0.3120,0.4704,0.6312,0.7885
214,0.1446,0.2874,0.4357,0.5743,0.7270
215,0.1346,0.2734,0.4038,0.5415,0.6830
216,0.1287,0.2621,0.3909,0.5220,0.6574
217,0.1306,0.2567,0.3887,0.5202,0.6446
218,0.1296,0.2621,0.3935,0.5228,0.6628
219,0.1364,0.2700,0.4079,0.5416,0.6831
220,0.1426,0.2819,0.4226,0.5639,0.7115
221,0.1489,0.2966,0.4469,0.5944,0.7500
222,0.1559,0.3114,0.4669,0.6228,0.7833
223,0.1651,0.3265,0.4929,0.6570,0.8296
224,0.1705,0.3417,0.5173,0.6875,0.8695
225,0.1792,0.3544,0.5372,0.7164,0.9010
226,0.1835,0.3687,0.5558,0.7409,0.9289
227,0.1898,0.3751,0.5648,0.7566,0.9523
228,0.1911,0.3845,0.5728,0.7627,0.9567
229,0.1902,0.3827,0.5788,0.7681,0.9644
230,0.1910,0.3804,0.5723,0.7656,0.9594
231,0.1870,0.3751,0.5641,0.7509,0.9415
232,0.1838,0.3649,0.5500,0.7311,0.9183
233,0.1771,0.3520,0.5331,0.7050,0.8851
234,0.1678,0.3369,0.5111,0.6745,0.8474
235,0.1599,0.3198,0.4816,0.6389,0.8017
236,0.1495,0.2987,0.4495,0.5978,0.7446
237,0.1388,0.2772,0.4157,0.5577,0.6940
238,0.1275,0.2539,0.3846,0.5094,0.6373
239,0.1156,0.2304,0.3455,0.4630,0.5766
240,0.1031,0.2085,0.3141,0.4163,0.5184
241,0.0927,0.1853,0.2815,0.3719,0.4647
242,0.0814,0.1641,0.2446,0.3280,0.4104
243,0.0720,0.1427,0.2145,0.2879,0.3570
244,0.0621,0.1233,0.1859,0.2472,0.3084
245,0.0532,0.1050,0.1583,0.2138,0.2648
246,0.0453,0.0893,0.1349,0.1796,0.2247
247,0.0378,0.0755,0.1127,0.1511,0.1888
248,0.0316,0.0620,0.0928,0.1247,0.1574
249,0.0268,0.0515,0.0766,0.1036,0.1305
250,0.0217,0.0416,0.0637,0.0844,0.1066
251,0.0182,0.0346,0.0509,0.0682,0.0872
252,0.0152,0.0277,0.0421,0.0551,0.0703
253,0.0121,0.0214,0.0331,0.0449,0.0573
254,0.0100,0.0181,0.0263,0.0359,0.0471
255,0.0086,0.0145,0.0222,0.0298,0.0405
256,0.0070,0.0118,0.0186,0.0248,0.0333
257,0.0071,0.0101,0.0165,0.0220,0.0292
258,0.0066,0.0095,0.0151,0.0211,0.0282
259,0.0067,0.0096,0.0156,0.0197,0.0275
260,0.0063,0.0101,0.0151,0.0208,0.0293
261,0.0070,0.0110,0.0164,0.0223,0.0315
262,0.0083,0.0123,0.0187,0.0257,0.0344
263,0.0084,0.0135,0.0212,0.0286,0.0387
264,0.0089,0.0151,0.0240,0.0317,0.0438
265,0.0108,0.0185,0.0287,0.0377,0.0512
266,0.0122,0.0205,0.0325,0.0429,0.0573
267,0.0141,0.0244,0.0356,0.0487,0.0637
268,0.0152,0.0269,0.0407,0.0532,0.0718
269,0.0169,0.0303,0.0461,0.0606,0.0784
270,0.0178,0.0328,0.0483,0.0654,0.0861
271,0.0191,0.0343,0.0540,0.0718,0.0918
272,0.0199,0.0377,0.0572,0.0764,0.0983
273,0.0218,0.0401,0.0599,0.0815,0.1048
274,0.0225,0.0417,0.0629,0.0844,0.1078
275,0.0232,0.0432,0.0649,0.0871,0.1114
276,0.0229,0.0433,0.0668,0.0888,0.1127
277,0.0236,0.0438,0.0673,0.0889,0.1135
278,0.0240,0.0439,0.0662,0.0885,0.1131
279,0.0234,0.0427,0.0646,0.0857,0.1094
280,0.0225,0.0418,0.0630,0.0827,0.1064
281,0.0213,0.0401,0.0613,0.0798,0.1013
282,0.0205,0.0379,0.0575,0.0759,0.0971
283,0.0193,0.0353,0.0531,0.0710,0.0907
284,0.0173,0.0318,0.0490,0.0652,0.0832
285,0.0158,0.0298,0.0448,0.0594,0.0759
286,0.0143,0.0268,0.0398,0.0536,0.0689
287,0.0127,0.0234,0.0362,0.0467,0.0615
288,0.0109,0.0212,0.0311,0.0414,0.0544
289,0.0106,0.0175,0.0270,0.0356,0.0470
290,0.0085,0.0145,0.0218,0.0302,0.0402
291,0.0076,0.0122,0.0192,0.0261,0.0352
292,0.0064,0.0110,0.0163,0.0213,0.0290
293,0.0061,0.0090,0.0142,0.0178,0.0246
294,0.0050,0.0072,0.0112,0.0137,0.0197
295,0.0034,0.0048,0.0084,0.0112,0.0169
296,0.0035,0.0050,0.0071,0.0089,0.0131
297,0.0034,0.0025,0.0043,0.0072,0.0115
298,0.0032,0.0023,0.0032,0.0054,0.0088
299,0.0022,0.0010,0.0029,0.0042,0.0072
300,0.0016,0.0015,0.0018,0.0022,0.0069
301,0.0022,0.0004,0.0016,0.0019,0.0051
302,0.0009,0.0003,0.0009,0.0014,0.0042
303,0.0017,-0.0000,0.0007,0.0003,0.0032
304,0.0016,0.0005,0.0001,0.0001,0.0029
305,0.0015,-0.0002,0.0004,0.0002,0.0024
306,0.0014,-0.0001,-0.0006,-0.0003,0.0021
307,0.0011,-0.0004,0.0005,0.0000,0.0024
308,0.0014,-0.0003,-0.0002,-0.0006,0.0018
309,0.0011,-0.0002,-0.0007,-0.0006,0.0016
310,0.0009,-0.0009,-0.0009,-0.0005,0.0016
311,0.0012,-0.0005,-0.0009,-0.0003,0.0021
312,0.0014,-0.0006,-0.0005,-0.0005,0.0016
313,0.0015,-0.0004,-0.0011,-0.0009,0.0018
314,0.0015,-0.0012,-0.0016,-0.0008,0.0024
315,0.0003,-0.0006,-0.0012,-0.0007,0.0020
316,0.0010,-0.0005,-0.0012,-0.0003,0.0011
317,0.0007,-0.0006,-0.0008,-0.0018,0.0020
318,0.0019,-0.0008,-0.0006,-0.0001,0.0015
319,0.0011,-0.0006,0.0004,-0.0011,0.0019
320,0.0009,-0.0008,-0.0004,-0.0005,0.0019
321,0.0011,-0.0004,-0.0010,-0.0009,0.0020
322,0.0008,-0.0003,-0.0001,-0.0001,0.0022
323,0.0010,-0.0010,-0.0010,-0.0002,0.0015
324,0.0010,-0.0009,-0.0013,0.0004,0.0020
325,0.0013,-0.0007,-0.0006,-0.0005,0.0010
326,0.0015,-0.0012,-0.0002,-0.0007,0.0013
327,0.0012,-0.0007,-0.0006,-0.0004,0.0018
328,0.0010,-0.0008,-0.0016,-0.0003,0.0025
329,0.0018,0.0000,-0.0000,-0.0006,0.0011
330,0.0010,-0.0004,-0.0004,-0.0001,0.0021
331,0.0017,-0.0005,-0.0008,-0.0005,0.0021
332,0.0015,-0.0011,-0.0001,-0.0006,0.0015
333,0.0005,-0.0009,-0.0006,-0.0011,0.0016
334,0.0007,-0.0013,-0.0002,-0.0009,0.0013
335,0.0004,-0.0005,-0.0010,-0.0005,0.0023
336,0.0013,-0.0011,-0.0003,-0.0007,0.0016
337,0.0015,-0.0015,0.0000,-0.0006,0.0014
338,0.0009,-0.0004,0.0004,-0.0007,0.0013
339,0.0014,-0.0009,-0.0006,-0.0005,0.0019
340,0.0018,-0.0002,-0.0008,-0.0003,0.0025
341,0.0008,-0.0005,-0.0014,-0.0004,0.0019
342,0.0013,-0.0007,0.0000,-0.0008,0.0013
343,0.0009,0.0001,-0.0009,-0.0002,0.0029
344,0.0007,-0.0000,-0.0012,-0.0011,0.0017
345,0.0009,-0.0015,-0.0007,-0.0013,0.0014
346,0.0019,-0.0008,-0.0006,-0.0004,0.0015
347,0.0010,-0.0004,-0.0004,-0.0007,0.0016
348,0.0017,-0.0006,-0.0009,-0.0011,0.0024
349,0.0020,-0.0001,-0.0007,-0.0007,0.0010
350,0.0009,-0.0008,-0.0010,-0.0003,0.0012
351,0.0014,-0.0011,-0.0008,-0.0002,0.0012
352,0.0013,-0.0005,-0.0010,-0.0009,0.0017
353,0.0015,-0.0003,-0.0009,-0.0008,0.0013
354,0.0015,-0.0005,-0.0004,-0.0000,0.0016
355,0.0012,-0.0003,-0.0013,-0.0002,0.0018
356,0.0017,0.0000,-0.0006,-0.0006,0.0017
357,0.0015,0.0000,-0.0013,-0.0001,0.0014
358,0.0015,-0.0008,-0.0010,-0.0006,0.0017
359,0.0018,-0.0018,-0.0009,-0.0004,0.0018
360,0.0011,-0.0009,-0.0002,-0.0004,0.0014
361,0.0011,-0.0007,-0.0003,-0.0006,0.0011
362,0.0007,-0.0007,-0.0013,-0.0010,0.0011
363,0.0011,-0.0007,-0.0013,-0.0007,0.0017
364,0.0008,-0.0013,-0.0016,-0.0001,0.0020
365,0.0017,-0.0004,-0.0014,-0.0009,0.0019
366,0.0010,-0.0010,-0.0008,-0.0003,0.0013
367,0.0012,-0.0012,-0.0009,-0.0004,0.0022
368,0.0015,-0.0009,-0.0005,-0.0003,0.0016
369,0.0009,-0.0003,-0.0001,-0.0001,0.0017
370,0.0016,-0.0011,-0.0004,-0.0000,0.0023
371,0.0008,-0.0008,-0.0012,0.0000,0.0015
372,0.0019,-0.0005,-0.0012,-0.0014,0.0019
373,0.0009,-0.0002,-0.0016,-0.0008,0.0019
374,0.0019,-0.0006,-0.0012,-0.0011,0.0007
375,0.0017,-0.0003,-0.0011,-0.0008,0.0023
376,0.0015,-0.0005,-0.0005,-0.0004,0.0017
377,0.0016,-0.0009,-0.0009,0.0000,0.0009
378,0.0012,-0.0015,-0.0015,-0.0013,0.0023
379,0.0013,-0.0015,-0.0012,-0.0007,0.0020
380,0.0015,-0.0007,-0.0007,-0.0002,0.0026
381,0.0011,-0.0009,-0.0006,-0.0006,0.0009
382,0.0012,-0.0005,-0.0007,-0.0008,0.0012
383,0.0017,-0.0007,-0.0003,-0.0007,0.0017
384,0.0021,-0.0009,-0.0008,-0.0010,0.0016
385,0.0016,-0.0007,-0.0006,-0.0012,0.0016
386,0.0014,-0.0001,-0.0011,-0.0013,0.0016
387,0.0012,-0.0011,-0.0009,-0.0008,0.0020
388,0.0015,-0.0002,-0.0006,-0.0007,0.0016
389,0.0014,-0.0012,-0.0003,-0.0004,0.0011
390,0.0015,-0.0007,-0.0006,-0.0009,0.0011
391,0.0014,-0.0008,-0.0009,-0.0001,0.0018
392,0.0013,-0.0014,-0.0001,-0.0012,0.0009
393,0.0019,-0.0005,-0.0009,-0.0000,0.0010
394,0.0013,-0.0007,-0.0004,-0.0004,0.0015
395,0.0021,-0.0011,-0.0011,-0.0006,0.0018
396,0.0015,-0.0008,-0.0008,-0.0007,0.0015
397,0.0013,-0.0010,-0.0008,-0.0007,0.0014
398,0.0024,-0.0011,-0.0013,-0.0006,0.0020
399,0.0013,-0.0004,-0.0009,-0.0002,0.0018
400,0.0015,-0.0009,-0.0006,-0.0007,0.0014
